id,title,content
1,VR for Science Labs,"Virtual Reality allows students to conduct experiments in a safe 3D environment, enhancing understanding of complex scientific concepts."
2,VR for History,"Students can visit historical sites virtually and witness events firsthand, improving engagement and retention."
3,VR for Language Learning,"Interactive VR scenarios help language learners practice conversations with virtual characters in realistic settings."
4,VR for Medical Training,"Medical students can practice surgeries and emergency procedures in VR without risking real patients, improving skills and confidence."
5,VR for Mathematics,"3D visualization of mathematical concepts in VR helps students understand geometry, algebra, and calculus interactively."
6,VR for Art & Design,"Students can create and manipulate 3D models in VR, enhancing creativity and spatial reasoning."
7,VR for Virtual Field Trips,"VR lets students explore museums, ecosystems, and cultural landmarks without leaving the classroom, promoting experiential learning."
8,VR in Quantum Computing,"Virtual Reality is used to visualize quantum circuits and complex quantum phenomena, helping researchers and students understand abstract quantum concepts."
9,VR in AI Research,"VR allows AI researchers to interact with 3D datasets and simulate environments for robotics and machine learning experiments."
10,VR in Healthcare,"VR is used for patient rehabilitation, surgical planning, and medical training, providing immersive, risk-free simulations."
11,VR in Architecture,"Architects use VR to visualize building designs in 3D, enabling interactive walkthroughs and design iteration before construction."
12,VR in Industrial Training,"Companies use VR to train employees on machinery and safety procedures in immersive simulations, reducing real-world accidents."
